,Articles,Clusters,Sources,Avg Article Length,Avg Summary Length,Total Article Tokens,Total Summary Tokens,Duplicate Rate,Noise Percentage,Cluster Quality Score,Temporal Coverage
Original,348766,0,4532,333.8746208059272,94.60757355934925,116444116,32995905,0.08961309301938836,0.05937218650900604,,1838-2104
Enhanced,183745,28,2817,388.4994802579662,94.46021932569593,71384837,17356593,0.0,0.0,-0.0014362691747059496,1878-2104
