,Articles,Clusters,Sources,Avg Article Length,Avg Summary Length,Total Article Tokens,Total Summary Tokens,Duplicate Rate,Noise Percentage,Cluster Quality Score,Temporal Coverage
Original,348766,0,4532,333.8746208059272,94.60757355934925,116444116,32995905,0.08961309301938836,0.05937218650900604,,1838-2104
Enhanced,183750,377,2817,388.4982530612245,94.45990204081633,71386554,17357007,0.0,0.0,-0.009852701586160332,1878-2104
