,Articles,Clusters,Sources,Avg Article Length,Avg Summary Length,Total Article Tokens,Total Summary Tokens,Duplicate Rate,Noise Percentage,Cluster Quality Score,Temporal Coverage
Original,348766,0,4532,333.8746208059272,94.60757355934925,116444116,32995905,0.08961309301938836,0.05937218650900604,,1900-2027
Enhanced,192366,14597,2896,392.55844587920944,94.86666042855806,75514898,18249120,0.0,0.0,-0.019933536648750305,1900-2027
