{
  "rouge1": 0.4039402753720513,
  "rouge2": 0.194186020318961765,
  "rougeL": 0.27437987080847837,
  "bertscore": 0.878260916021892
}