{
  "rouge1": 0.2259402753720513,
  "rouge2": 0.039786020318961765,
  "rougeL": 0.12917987080847837,
  "bertscore": 0.807660916021892
}